Workbook

Sheet 0.입력
A1: 견적 입력 시트
A2: 🔵 파란셀=직접입력 ⬜ 회색셀=자동계산
A4: ■ 고객사 정보
A5: 법 인 명 | B5: (주)고객사 | D5: 주 소 | E5: 서울시 강남구 테헤란로 100 | G5: 견 적 번 호 | H5: Q-2605-100
A6: 담 당 자 | B6: 김고객 | D6: 연 락 처 | E6: 010-1111-2222 | G6: 이 메 일 | H6: kim@customer.com
A7: 발 행 일 | B7: =TODAY() -> 46154 | D7: 유 효 기 간 | E7: 발행일로부터 30일 | G7: 담 당 부 서 | H7: 구매팀
A9: ■ 견적 항목 (최대 5개 — 파란셀=직접입력)
A10: # | B10: 제품명 | F10: 수량 | G10: 단가 (원) | H10: 공급가액 (자동) | I10: 비고
A11: 1 | B11: 샘플 제품 A | F11: 10 | G11: 100000 | H11: =IF(OR(F11="",G11="",F11=0,G11=0),"",F11*G11) -> 1000000 | I11: 옵션1
A12: 2 | B12: 샘플 제품 B | F12: 5 | G12: 50000 | H12: =IF(OR(F12="",G12="",F12=0,G12=0),"",F12*G12) -> 250000
A13: 3 | H13: =IF(OR(F13="",G13="",F13=0,G13=0),"",F13*G13)
A14: 4 | H14: =IF(OR(F14="",G14="",F14=0,G14=0),"",F14*G14)
A15: 5 | H15: =IF(OR(F15="",G15="",F15=0,G15=0),"",F15*G15)
A17: 합 계 (VAT 별도) | H17: =IFERROR(SUM(H11:H15),0) -> 1250000
A19: ※ 공급가액 = 수량 × 단가 (자동계산). 제품명, 수량, 단가는 직접 입력하세요.

Sheet 1.견적서
B3: 견 적 서
B5: 공 급 받 는 자 | C5: 법 인 명 | D5: =IF('0.입력'!B5="","",'0.입력'!B5) -> (주)고객사 | F5: 공 급 자 | G5: 법 인 명 | H5: (주)우리회사
C6: 주 소 | D6: =IF('0.입력'!E5="","",'0.입력'!E5) -> 서울시 강남구 테헤란로 100 | G6: 등록번호 | H6: 123-45-67890
C7: 담 당 자 | D7: =IF('0.입력'!B6="","",'0.입력'!B6) -> 김고객 | G7: 대 표 자 | H7: 이대표
C8: 연 락 처 | D8: =IF('0.입력'!E6="","",'0.입력'!E6) -> 010-1111-2222 | G8: 주 소 | H8: 경기도 분당구
C9: 발 행 일 | D9: =IF('0.입력'!B7="","",'0.입력'!B7) -> 46154 | G9: 담당부서 | H9: 영업팀
C10: 유 효 기 간 | D10: =IF('0.입력'!E7="","",'0.입력'!E7) -> 발행일로부터 30일 | G10: 연 락 처 | H10: 031-555-1234
B13: =IF('0.입력'!B5="",""," 수 신 : "&'0.입력'!B5&" 귀중 ") -> 수 신 : (주)고객사 귀중
B14: 상기와 같이 견적서를 제출합니다.
B16: ■ 견적 상세 내역
B18: 항 목 | E18: 수량 | F18: 단가 | G18: 공급가액 | I18: 비고
B19: =IF('0.입력'!B11="","",'0.입력'!B11) -> 샘플 제품 A | E19: =IF('0.입력'!F11="","",'0.입력'!F11) -> 10 | F19: =IF('0.입력'!G11="","",'0.입력'!G11) -> 100000 | G19: =IF('0.입력'!H11="","",'0.입력'!H11) -> 1000000 | I19: =IF('0.입력'!I11="","",'0.입력'!I11) -> 옵션1
B20: =IF('0.입력'!B12="","",'0.입력'!B12) -> 샘플 제품 B | E20: =IF('0.입력'!F12="","",'0.입력'!F12) -> 5 | F20: =IF('0.입력'!G12="","",'0.입력'!G12) -> 50000 | G20: =IF('0.입력'!H12="","",'0.입력'!H12) -> 250000 | I20: =IF('0.입력'!I12="","",'0.입력'!I12)
B21: =IF('0.입력'!B13="","",'0.입력'!B13) | E21: =IF('0.입력'!F13="","",'0.입력'!F13) | F21: =IF('0.입력'!G13="","",'0.입력'!G13) | G21: =IF('0.입력'!H13="","",'0.입력'!H13) | I21: =IF('0.입력'!I13="","",'0.입력'!I13)
B22: =IF('0.입력'!B14="","",'0.입력'!B14) | E22: =IF('0.입력'!F14="","",'0.입력'!F14) | F22: =IF('0.입력'!G14="","",'0.입력'!G14) | G22: =IF('0.입력'!H14="","",'0.입력'!H14) | I22: =IF('0.입력'!I14="","",'0.입력'!I14)
B23: =IF('0.입력'!B15="","",'0.입력'!B15) | E23: =IF('0.입력'!F15="","",'0.입력'!F15) | F23: =IF('0.입력'!G15="","",'0.입력'!G15) | G23: =IF('0.입력'!H15="","",'0.입력'!H15) | I23: =IF('0.입력'!I15="","",'0.입력'!I15)
B25: 합 계 (VAT 별도) | G25: =IFERROR(SUM(G19:G23),0) -> 1250000 | I25: 원
B27: ※ 본 견적서의 유효기간은 발행일로부터 30일이며, 부가가치세는 별도입니다.
B28: ※ 단가 및 공급조건은 협의에 따라 변경될 수 있습니다.
